Workbook

Sheet Overall impression
D1: 5-year risk of death
A2: =Assessment!A2 -> Naam | B2: Oordeel betrouwbaarheid | C2: Bevinding in één woord | D2: 5-year | E2: 4-year | F2: 3-year | G2: 2-year | H2: 1-year
A3: =Assessment!A3 -> Lambourg (2024) | B3: =Assessment!L3 -> 0 | C3: =Assessment!M3 -> 0
A4: =Assessment!A4 -> Kim (2021) | B4: =Assessment!L4 -> 0 | C4: =Assessment!M4 -> 0
B5: =Assessment!L5 -> 0 | C5: =Assessment!M5 -> 0
B6: =Assessment!L6 -> 0 | C6: =Assessment!M6 -> 0
B7: =Assessment!L7 -> 0 | C7: =Assessment!M7 -> 0
B8: =Assessment!L8 -> 0 | C8: =Assessment!M8 -> 0
B9: =Assessment!L9 -> 0 | C9: =Assessment!M9 -> 0
B10: =Assessment!L10 -> 0 | C10: =Assessment!M10 -> 0
B11: =Assessment!L11 -> 0 | C11: =Assessment!M11 -> 0
B12: =Assessment!L12 -> 0 | C12: =Assessment!M12 -> 0
B13: =Assessment!L13 -> 0 | C13: =Assessment!M13 -> 0
B14: =Assessment!L14 -> 0 | C14: =Assessment!M14 -> 0
B15: =Assessment!L15 -> 0 | C15: =Assessment!M15 -> 0
B16: =Assessment!L16 -> 0 | C16: =Assessment!M16 -> 0
... B22: =Assessment!L22 -> 0 | C22: =Assessment!M22 -> 0

Sheet Assessment
B1: Duiding van bevinding en kwaliteit | O1: Verdere beschrijving studie
A2: Naam | B2: Samenvatting | C2: Affiliatie/ Funding/ Conflict of interest | D2: Cohort info | E2: Contrast | F2: Vergelijkbaarheid groepen (indien relevant) | G2: N gestopt metformine | H2: N comparator (doorgaan metformine) | I2: Definitie uitkomst | J2: Median follow up (or mean if no median available) | K2: Other outcomes | L2: Oordeel betrouwbaarheid (acceptabel/onduidelijk/niet acceptabel) obv kolom C-J | M2: Samenvatting hoofdbevinding (Metformine stop risico/onduidelijk/gunstig) | N2: Hoofdbevinding in woorden | O2: Link | P2: Type | Q2: Epub | R2: Ziekenhuis | S2: Titel | T2: Auteurs | U2: Land | V2: Studie periode | W2: Man (%) | X2: Gemiddelde leeftijd bij nieuw nierfalen | Y2: Overig
A3: Lambourg (2024) | O3: https://doi.org/10.1053/j.ajkd.2024.08.012 | P3: Studie | Q3: 2024 | R3: Scottish Diabetes Research Network cohort (SDRN-NDS), omvat klinische gegevens van >99% van alle Schotten met diabetes | U3: Schotland | V3: januari 2010 en april 2019 | W3: 0.49 | X3: 76.9
A4: Kim (2021) | O4: https://doi.org/10.23876/j.krcp.20.222 | P4: Studie | Q4: 2021 | R4: Landelijke database (NHIS) in Zuid-Korea | U4: Zuid-Korea | V4: Selectie tussen 2009 en 2015; follow-up tot 31 december 2019 | W4: 0.65 | X4: 66,1
